[
    {
        "idiom": "snek it up"
    },
    {
        "idiom": "get ur snek on"
    },
    {
        "idiom": "snek ur heart out"
    },
    {
        "idiom": "snek 4 ever"
    },
    {
        "idiom": "i luve snek"
    },
    {
        "idiom": "snek bff"
    },
    {
        "idiom": "boyfriend snek"
    },
    {
        "idiom": "dont snek ur homies"
    },
    {
        "idiom": "garden snek"
    },
    {
        "idiom": "snektie"
    },
    {
        "idiom": "snek keks"
    },
    {
        "idiom": "birthday snek!"
    },
    {
        "idiom": "snek tonight?"
    },
    {
        "idiom": "snek hott lips"
    },
    {
        "idiom": "snek u latr"
    },
    {
        "idiom": "netflx and snek"
    },
    {
        "idiom": "holy snek prey4u"
    },
    {
        "idiom": "ghowst snek hauntt u"
    },
    {
        "idiom": "ipekek snek syrop"
    },
    {
        "idiom": "2 snek 2 furius"
    },
    {
        "idiom": "the shawsnek redumpton"
    },
    {
        "idiom": "snekler's list"
    },
    {
        "idiom": "snekablanca"
    },
    {
        "idiom": "romeo n snekulet"
    },
    {
        "idiom": "citizn snek"
    },
    {
        "idiom": "gon wit the snek"
    },
    {
        "idiom": "dont step on snek"
    },
    {
        "idiom": "the wizrd uf snek"
    },
    {
        "idiom": "forrest snek"
    },
    {
        "idiom": "snek of musik"
    },
    {
        "idiom": "west snek story"
    },
    {
        "idiom": "snek wars eposide XI"
    },
    {
        "idiom": "2001: a snek odyssuuy"
    },
    {
        "idiom": "E.T. the snekstra terrastriul"
    },
    {
        "idiom": "snekkin' inth rain"
    },
    {
        "idiom": "dr sneklove"
    },
    {
        "idiom": "snekley kubrik"
    },
    {
        "idiom": "willium snekspeare"
    },
    {
        "idiom": "snek on tutanic"
    },
    {
        "idiom": "a snekwork orunge"
    },
    {
        "idiom": "the snek the bad n the ogly"
    },
    {
        "idiom": "the sneksorcist"
    },
    {
        "idiom": "gudd snek huntin"
    },
    {
        "idiom": "leonurdo disnekrio"
    },
    {
        "idiom": "denzal snekington"
    },
    {
        "idiom": "snekuel l jocksons"
    },
    {
        "idiom": "kevn snek"
    },
    {
        "idiom": "snekthony hopkuns"
    },
    {
        "idiom": "hugh snekman"
    },
    {
        "idiom": "snek but it glow in durk"
    },
    {
        "idiom": "snek but u cn ride it"
    },
    {
        "idiom": "snek but slep in ur bed"
    },
    {
        "idiom": "snek but mad frum plastk"
    },
    {
        "idiom": "snek but bulong 2 ur frnd"
    },
    {
        "idiom": "sneks on plene"
    },
    {
        "idiom": "baby snek"
    },
    {
        "idiom": "trouser snek"
    },
    {
        "idiom": "momo snek"
    },
    {
        "idiom": "fast snek"
    },
    {
        "idiom": "super slow snek"
    },
    {
        "idiom": "old snek"
    },
    {
        "idiom": "slimy snek"
    },
    {
        "idiom": "snek attekk"
    },
    {
        "idiom": "snek get wrekk"
    },
    {
        "idiom": "snek you long time"
    },
    {
        "idiom": "carpenter snek"
    },
    {
        "idiom": "drain snek"
    },
    {
        "idiom": "eat ur face snek"
    },
    {
        "idiom": "kawaii snek"
    },
    {
        "idiom": "dis snek is soft"
    },
    {
        "idiom": "snek is 4 yers uld"
    },
    {
        "idiom": "pls feed snek, is hingry"
    },
    {
        "idiom": "snek? snek? sneeeeek!!"
    },
    {
        "idiom": "solid snek"
    },
    {
        "idiom": "big bos snek"
    },
    {
        "idiom": "snek republic"
    },
    {
        "idiom": "snekoslovakia"
    },
    {
        "idiom": "snek please!"
    },
    {
        "idiom": "i brok my snek :("
    },
    {
        "idiom": "star snek the nxt generatin"
    },
    {
        "idiom": "azsnek tempul"
    },
    {
        "idiom": "discosnek"
    },
    {
        "idiom": "bottlsnek"
    },
    {
        "idiom": "turtlsnek"
    },
    {
        "idiom": "cashiers snek"
    },
    {
        "idiom": "mega snek!!"
    },
    {
        "idiom": "one tim i saw snek neked"
    },
    {
        "idiom": "snek cnt clim trees"
    },
    {
        "idiom": "snek in muth is jus tongue"
    },
    {
        "idiom": "juan snek"
    },
    {
        "idiom": "photosnek"
    }
]