[
    {
        "name": "Bob Ross",
        "info": "Robert Norman Ross (October 29, 1942 – July 4, 1995) was an American painter, art instructor, and television host. He was the creator and host of The Joy of Painting, an instructional television program that aired from 1983 to 1994 on PBS in the United States, and also aired in Canada, Latin America, and Europe.",
        "image_list": [
            "https://d3atagt0rnqk7k.cloudfront.net/wp-content/uploads/2016/09/23115633/bob-ross-1-1280x800.jpg"
        ]
    },
    {
        "name": "Mystery Snake",
        "info": "The Mystery Snake is rumored to be a thin, serpentine creature that hides in spaghetti dinners. It has yellow, pasta-like scales with a completely smooth texture, and is quite glossy. ",
        "image_list": [
            "https://img.thrfun.com/img/080/349/spaghetti_dinner_l1.jpg"
        ]
    }
]