{
    "characters": [
        {
            "Michael Myers": "https://c-5uwzmx78pmca09x24quoqfx2ezivsmzx2ekwu.g00.ranker.com/g00/3_c-5eee.zivsmz.kwu_/c-5UWZMXPMCA09x24pbbx78ax3ax2fx2fquoqf.zivsmz.kwux2fcamz_vwlm_quox2f57x2f9353301x2fwzqoqvitx2fuqkpimt-ugmza-x78pwbw-c95x3fex3d438x26yx3d38x26nux3drx78ox26nqbx3dkzwx78x26kzwx78x3dnikmax26q98k.uizsx3dquiom_$/$/$/$/$/$"
        },
        {
            "Jason Voorhees": "https://c-5uwzmx78pmca09x24quoqfx2ezivsmzx2ekwu.g00.ranker.com/g00/3_c-5eee.zivsmz.kwu_/c-5UWZMXPMCA09x24pbbx78ax3ax2fx2fquoqf.zivsmz.kwux2fcamz_vwlm_quox2f42x2f9050161x2fwzqoqvitx2friawv-dwwzpmma-nqtu-kpizikbmza-x78pwbw-c1x3fex3d438x26yx3d38x26nux3drx78ox26nqbx3dkzwx78x26kzwx78x3dnikmax26q98k.uizsx3dquiom_$/$/$/$/$/$"
        },
        {
            "Freddy Krueger": "https://c-5uwzmx78pmca09x24quoqfx2ezivsmzx2ekwu.g00.ranker.com/g00/3_c-5eee.zivsmz.kwu_/c-5UWZMXPMCA09x24pbbx78ax3ax2fx2fquoqf.zivsmz.kwux2fvwlm_quox2f30x2f9800154x2fwzqoqvitx2fnzmllg-szcmomz-nqtu-kpizikbmza-x78pwbw-9x3fex3d438x26yx3d38x26nux3drx78ox26nqbx3dkzwx78x26kzwx78x3dnikmax26q98k.uizsx3dquiom_$/$/$/$/$/$"
        },
        {
            "Pennywise the Dancing Clown": "https://c-5uwzmx78pmca09x24quoqfx2ezivsmzx2ekwu.g00.ranker.com/g00/3_c-5eee.zivsmz.kwu_/c-5UWZMXPMCA09x24pbbx78ax3ax2fx2fquoqf.zivsmz.kwux2fcamz_vwlm_quox2f436x2f91927608x2fwzqoqvitx2fx78mvvgeqam-bpm-livkqvo-ktwev-nqtu-kpizikbmza-x78pwbw-c0x3fex3d438x26yx3d38x26nux3drx78ox26nqbx3dkzwx78x26kzwx78x3dnikmax26q98k.uizsx3dquiom_$/$/$/$/$/$"
        },
        {
            "Charles Lee Ray": "https://c-5uwzmx78pmca09x24quoqfx2ezivsmzx2ekwu.g00.ranker.com/g00/3_c-5eee.zivsmz.kwu_/c-5UWZMXPMCA09x24pbbx78ax3ax2fx2fquoqf.zivsmz.kwux2fcamz_vwlm_quox2f14x2f581261x2fwzqoqvitx2fkpiztma-tmm-zig-c90x3fex3d438x26yx3d48x26nux3drx78ox26nqbx3dkzwx78x26kzwx78x3dnikmax22x26q98k.uizsx3dquiom_$/$/$/$/$/$"
        },
        {
            "Leatherface": "https://c-5uwzmx78pmca09x24quoqfx2ezivsmzx2ekwu.g00.ranker.com/g00/3_c-5eee.zivsmz.kwu_/c-5UWZMXPMCA09x24pbbx78ax3ax2fx2fquoqf.zivsmz.kwux2fcamz_vwlm_quox2f50x2f9204163x2fwzqoqvitx2ftmibpmznikm-c08x3fex3d438x26yx3d48x26nux3drx78ox26nqbx3dkzwx78x26kzwx78x3dnikmax22x26q98k.uizsx3dquiom_$/$/$/$/$/$"
        },
        {
            "Jack Torrance": "https://c-5uwzmx78pmca09x24quoqfx2ezivsmzx2ekwu.g00.ranker.com/g00/3_c-5eee.zivsmz.kwu_/c-5UWZMXPMCA09x24pbbx78ax3ax2fx2fquoqf.zivsmz.kwux2fvwlm_quox2f41x2f9032825x2fwzqoqvitx2friks-bwzzivkm-nqtu-kpizikbmza-x78pwbw-9x3fex3d438x26yx3d48x26nux3drx78ox26nqbx3dkzwx78x26kzwx78x3dnikmax22x26q98k.uizsx3dquiom_$/$/$/$/$/$"
        },
        {
            "Ghostface": "https://c-5uwzmx78pmca09x24quoqfx2ezivsmzx2ekwu.g00.ranker.com/g00/3_c-5eee.zivsmz.kwu_/c-5UWZMXPMCA09x24pbbx78ax3ax2fx2fquoqf.zivsmz.kwux2fcamz_vwlm_quox2f32x2f9845748x2fwzqoqvitx2fopwabnikm-nqtu-kpizikbmza-x78pwbw-c9x3fex3d438x26yx3d48x26nux3drx78ox26nqbx3dkzwx78x26kzwx78x3dnikmax22x26q98k.uizsx3dquiom_$/$/$/$/$/$"
        },
        {
            "Regan MacNeil": "https://c-5uwzmx78pmca09x24quoqfx2ezivsmzx2ekwu.g00.ranker.com/g00/3_c-5eee.zivsmz.kwu_/c-5UWZMXPMCA09x24pbbx78ax3ax2fx2fquoqf.zivsmz.kwux2fcamz_vwlm_quox2f73x2f9665843x2fwzqoqvitx2fzmoiv-uikvmqt-zmkwzlqvo-izbqaba-ivl-ozwcx78a-x78pwbw-c1x3fex3d438x26yx3d48x26nux3drx78ox26nqbx3dkzwx78x26kzwx78x3dnikmax22x26q98k.uizsx3dquiom_$/$/$/$/$/$"
        },
        {
            "Hannibal Lecter": "https://c-5uwzmx78pmca09x24quoqfx2ezivsmzx2ekwu.g00.ranker.com/g00/3_c-5eee.zivsmz.kwu_/c-5UWZMXPMCA09x24pbbx78ax3ax2fx2fquoqf.zivsmz.kwux2fcamz_vwlm_quox2f35x2f9903368x2fwzqoqvitx2fpivvqjit-tmkbmz-nqtu-kpizikbmza-x78pwbw-c99x3fex3d438x26yx3d48x26nux3drx78ox26nqbx3dkzwx78x26kzwx78x3dnikmax22x26q98k.uizsx3dquiom_$/$/$/$/$/$"
        },
        {
            "Samara Morgan": "https://c-5uwzmx78pmca09x24quoqfx2ezivsmzx2ekwu.g00.ranker.com/g00/3_c-5eee.zivsmz.kwu_/c-5UWZMXPMCA09x24pbbx78ax3ax2fx2fquoqf.zivsmz.kwux2fcamz_vwlm_quox2f77x2f9744082x2fwzqoqvitx2faiuizi-uwzoiv-nqtu-kpizikbmza-x78pwbw-c9x3fex3d438x26yx3d48x26nux3drx78ox26nqbx3dkzwx78x26kzwx78x3dnikmax22x26q98k.uizsx3dquiom_$/$/$/$/$/$"
        },
        {
            "Pinhead": "https://c-5uwzmx78pmca09x24quoqfx2ezivsmzx2ekwu.g00.ranker.com/g00/3_c-5eee.zivsmz.kwu_/c-5UWZMXPMCA09x24pbbx78ax3ax2fx2fquoqf.zivsmz.kwux2fcamz_vwlm_quox2f79x2f9683232x2fwzqoqvitx2fx78qvpmil-nqtu-kpizikbmza-x78pwbw-c4x3fex3d438x26yx3d48x26nux3drx78ox26nqbx3dkzwx78x26kzwx78x3dnikmax22x26q98k.uizsx3dquiom_$/$/$/$/$/$"
        },
        {
            "Bruce": "https://c-5uwzmx78pmca09x24quoqfx2ezivsmzx2ekwu.g00.ranker.com/g00/3_c-5eee.zivsmz.kwu_/c-5UWZMXPMCA09x24pbbx78ax3ax2fx2fquoqf.zivsmz.kwux2fcamz_vwlm_quox2f2047x2f63159728x2fwzqoqvitx2friea-c3x3fex3d438x26yx3d48x26nux3drx78ox26nqbx3dkzwx78x26kzwx78x3dnikmax22x26q98k.uizsx3dquiom_$/$/$/$/$/$"
        },
        {
            "Xenomorph": "https://c-5uwzmx78pmca09x24quoqfx2ezivsmzx2ekwu.g00.ranker.com/g00/3_c-5eee.zivsmz.kwu_/c-5UWZMXPMCA09x24pbbx78ax3ax2fx2fquoqf.zivsmz.kwux2fcamz_vwlm_quox2f909x2f0297919x2fwzqoqvitx2ffmvwuwzx78p-x78pwbw-c91x3fex3d438x26yx3d48x26nux3drx78ox26nqbx3dkzwx78x26kzwx78x3dnikmax22x26q98k.uizsx3dquiom_$/$/$/$/$/$"
        },
        {
            "The Thing": "https://c-5uwzmx78pmca09x24quoqfx2ezivsmzx2ekwu.g00.ranker.com/g00/3_c-5eee.zivsmz.kwu_/c-5UWZMXPMCA09x24pbbx78ax3ax2fx2fquoqf.zivsmz.kwux2fcamz_vwlm_quox2f1947x2f41148806x2fwzqoqvitx2fbpm-bpqvo-x78pwbw-c6x3fex3d438x26yx3d48x26nux3drx78ox26nqbx3dkzwx78x26kzwx78x3dnikmax22x26q98k.uizsx3dquiom_$/$/$/$/$/$"
        },
        {
            "Sadako Yamamura": "https://c-5uwzmx78pmca09x24quoqfx2ezivsmzx2ekwu.g00.ranker.com/g00/3_c-5eee.zivsmz.kwu_/c-5UWZMXPMCA09x24pbbx78ax3ax2fx2fquoqf.zivsmz.kwux2fcamz_vwlm_quox2f76x2f9735755x2fwzqoqvitx2failisw-giuiuczi-c4x3fex3d438x26yx3d48x26nux3drx78ox26nqbx3dkzwx78x26kzwx78x3dnikmax22x26q98k.uizsx3dquiom_$/$/$/$/$/$"
        },
        {
            "Jigsaw Killer": "https://c-5uwzmx78pmca09x24quoqfx2ezivsmzx2ekwu.g00.ranker.com/g00/3_c-5eee.zivsmz.kwu_/c-5UWZMXPMCA09x24pbbx78ax3ax2fx2fquoqf.zivsmz.kwux2fvwlm_quox2f43x2f9065767x2fwzqoqvitx2frqoaie-sqttmz-nqtu-kpizikbmza-x78pwbw-9x3fex3d438x26yx3d48x26nux3drx78ox26nqbx3dkzwx78x26kzwx78x3dnikmax22x26q98k.uizsx3dquiom_$/$/$/$/$/$"
        },
        {
            "Norman Bates": "https://c-5uwzmx78pmca09x24quoqfx2ezivsmzx2ekwu.g00.ranker.com/g00/3_c-5eee.zivsmz.kwu_/c-5UWZMXPMCA09x24pbbx78ax3ax2fx2fquoqf.zivsmz.kwux2fcamz_vwlm_quox2f63x2f9467317x2fwzqoqvitx2fvwzuiv-jibma-nqtu-kpizikbmza-x78pwbw-c9x3fex3d438x26yx3d48x26nux3drx78ox26nqbx3dkzwx78x26kzwx78x3dnikmax22x26q98k.uizsx3dquiom_$/$/$/$/$/$"
        },
        {
            "Candyman": "https://c-5uwzmx78pmca09x24quoqfx2ezivsmzx2ekwu.g00.ranker.com/g00/3_c-5eee.zivsmz.kwu_/c-5UWZMXPMCA09x24pbbx78ax3ax2fx2fquoqf.zivsmz.kwux2fcamz_vwlm_quox2f255x2f7305168x2fwzqoqvitx2fkivlguiv-c5x3fex3d438x26yx3d48x26nux3drx78ox26nqbx3dkzwx78x26kzwx78x3dnikmax22x26q98k.uizsx3dquiom_$/$/$/$/$/$"
        },
        {
            "The Creeper": "https://c-5uwzmx78pmca09x24quoqfx2ezivsmzx2ekwu.g00.ranker.com/g00/3_c-5eee.zivsmz.kwu_/c-5UWZMXPMCA09x24pbbx78ax3ax2fx2fquoqf.zivsmz.kwux2fvwlm_quox2f998x2f0963452x2fwzqoqvitx2fbpm-kzmmx78mz-nqtu-kpizikbmza-x78pwbw-9x3fex3d438x26yx3d48x26nux3drx78ox26nqbx3dkzwx78x26kzwx78x3dnikmax22x26q98k.uizsx3dquiom_$/$/$/$/$/$"
        },
        {
            "Damien Thorn": "https://c-5uwzmx78pmca09x24quoqfx2ezivsmzx2ekwu.g00.ranker.com/g00/3_c-5eee.zivsmz.kwu_/c-5UWZMXPMCA09x24pbbx78ax3ax2fx2fquoqf.zivsmz.kwux2fcamz_vwlm_quox2f29x2f685981x2fwzqoqvitx2fliuqmv-bpwzv-x78pwbw-c1x3fex3d438x26yx3d48x26nux3drx78ox26nqbx3dkzwx78x26kzwx78x3dnikmax22x26q98k.uizsx3dquiom_$/$/$/$/$/$"
        },
        {
            "Joker": "https://c-5uwzmx78pmca09x24quoqfx2ezivsmzx2ekwu.g00.ranker.com/g00/3_c-5eee.zivsmz.kwu_/c-5UWZMXPMCA09x24pbbx78ax3ax2fx2fquoqf.zivsmz.kwux2fcamz_vwlm_quox2f903x2f0276049x2fwzqoqvitx2frwsmz-c71x3fex3d438x26yx3d48x26nux3drx78ox26nqbx3dkzwx78x26kzwx78x3dnikmax22x26q98k.uizsx3dquiom_$/$/$/$/$/$"
        },
        {
            "Cujo": "https://c-5uwzmx78pmca09x24quoqfx2ezivsmzx2ekwu.g00.ranker.com/g00/3_c-5eee.zivsmz.kwu_/c-5UWZMXPMCA09x24pbbx78ax3ax2fx2fquoqf.zivsmz.kwux2fcamz_vwlm_quox2f1581x2f52837948x2fwzqoqvitx2fkcrw-nqtu-kpizikbmza-x78pwbw-c9x3fex3d438x26yx3d48x26nux3drx78ox26nqbx3dkzwx78x26kzwx78x3dnikmax22x26q98k.uizsx3dquiom_$/$/$/$/$/$"
        },
        {
            "Gage Creed": "https://c-5uwzmx78pmca09x24quoqfx2ezivsmzx2ekwu.g00.ranker.com/g00/3_c-5eee.zivsmz.kwu_/c-5UWZMXPMCA09x24pbbx78ax3ax2fx2fquoqf.zivsmz.kwux2fcamz_vwlm_quox2f1968x2f41364699x2fwzqoqvitx2foiom-kzmml-nqtu-kpizikbmza-x78pwbw-c9x3fex3d438x26yx3d48x26nux3drx78ox26nqbx3dkzwx78x26kzwx78x3dnikmax22x26q98k.uizsx3dquiom_$/$/$/$/$/$"
        },
        {
            "Chatterer": "https://c-5uwzmx78pmca09x24quoqfx2ezivsmzx2ekwu.g00.ranker.com/g00/3_c-5eee.zivsmz.kwu_/c-5UWZMXPMCA09x24pbbx78ax3ax2fx2fquoqf.zivsmz.kwux2fvwlm_quox2f14x2f586061x2fwzqoqvitx2fkpibbmzmz-nqtu-kpizikbmza-x78pwbw-9x3fex3d438x26yx3d48x26nux3drx78ox26nqbx3dkzwx78x26kzwx78x3dnikmax22x26q98k.uizsx3dquiom_$/$/$/$/$/$"
        },
        {
            "Pale Man": "https://i2.wp.com/macguff.in/wp-content/uploads/2016/10/Pans-Labyrinth-Movie-Header-Image.jpg?fit=630%2C400&ssl=1"
        }
    ]
}
