{
    "python": "https://docs.python.org/3",
    "discord": "https://discordpy.readthedocs.io/en/master",
    "aiohttp": "https://docs.aiohttp.org/en/latest",
    "requests": "https://docs.python-requests.org/en/master",
    "numpy": "https://numpy.org/doc/stable",
    "flask": "https://flask.palletsprojects.com/en/2.0.x",
    "pil": "https://pillow.readthedocs.io/en/stable",
    "matplotlib": "https://matplotlib.org/stable",
    "pandas": "https://pandas.pydata.org/docs",
    "pymongo": "https://pymongo.readthedocs.io/en/stable"
}
