{
    "agender": "agender",
    "androgyne": "androgyne",
    "androgynous": "androgyne",
    "aromantic": "aromantic",
    "aro": "aromantic",
    "ace": "asexual",
    "asexual": "asexual",
    "bigender": "bigender",
    "bisexual": "bisexual",
    "bi": "bisexual",
    "demiboy": "demiboy",
    "demigirl": "demigirl",
    "demi": "demisexual",
    "demisexual": "demisexual",
    "gay": "gay",
    "lgbt": "gay",
    "queer": "gay",
    "homosexual": "gay",
    "fluid": "genderfluid",
    "genderfluid": "genderfluid",
    "genderqueer": "genderqueer",
    "intersex": "intersex",
    "lesbian": "lesbian",
    "non-binary": "nonbinary",
    "enby": "nonbinary",
    "nb": "nonbinary",
    "nonbinary": "nonbinary",
    "omnisexual": "omnisexual",
    "omni": "omnisexual",
    "pansexual": "pansexual",
    "pan": "pansexual",
    "pangender": "pangender",
    "poly": "polysexual",
    "polysexual": "polysexual",
    "polyamory": "polyamory",
    "polyamorous": "polyamory",
    "transgender": "transgender",
    "trans": "transgender",
    "trigender": "trigender"
}