[
  {
    "url": "https://youtu.be/OYcv406J_J4",
    "channel": "google"
  },
  {
    "url": "https://youtu.be/0_5X6N6DHyk",
    "channel": "google"
  },
  {
    "url": "https://youtu.be/UmJ2NBHXTqo",
    "channel": "google"
  },
  {
    "url": "https://youtu.be/3MA6_21nka8",
    "channel": "google"
  },
  {
    "url": "https://youtu.be/QAwL0O5nXe0",
    "channel": "google"
  },
  {
    "url": "https://youtu.be/DPEJB-FCItk",
    "channel": "google"
  },
  {
    "url": "https://youtu.be/LSZPNwZex9s",
    "channel": "google"
  },
  {
    "url": "https://youtu.be/dFrgNiweQDk",
    "channel": "google"
  },
  {
    "url": "https://youtu.be/F0F6SnbqUcE",
    "channel": "google"
  },
  {
    "url": "https://youtu.be/VkOuShXpoKc",
    "channel": "google"
  },
  {
    "url": "https://youtu.be/HQtGFBbwKEk",
    "channel": "google"
  },
  {
    "url": "https://youtu.be/Cp10_PygJ4o",
    "channel": "google"
  },
  {
    "url": "https://youtu.be/XTTtkisylQw",
    "channel": "google"
  },
  {
    "url": "https://youtu.be/hydLZJXG3Tk",
    "channel": "google"
  },
  {
    "url": "https://youtu.be/U2JBFlW--UU",
    "channel": "google"
  },
  {
    "url": "https://youtu.be/G3NXNnoGr3Y",
    "channel": "google"
  },
  {
    "url": "https://youtu.be/4YMD6xELI_k",
    "channel": "google"
  },
  {
    "url": "https://youtu.be/qcgWRpQP6ds",
    "channel": "google"
  },
  {
    "url": "https://youtu.be/Zr4JwPb99qU",
    "channel": "google"
  },
  {
    "url": "https://youtu.be/VFbYadm_mrw",
    "channel": "google"
  },
  {
    "url": "https://youtu.be/_qFFHC0eIUc",
    "channel": "google"
  },
  {
    "url": "https://youtu.be/H542nLTTbu0",
    "channel": "google"
  },
  {
    "url": "https://youtu.be/Je7Xq9tdCJc",
    "channel": "google"
  },
  {
    "url": "https://youtu.be/re0VRK6ouwI",
    "channel": "google"
  },
  {
    "url": "https://youtu.be/1KhZKNZO8mQ",
    "channel": "google"
  },
  {
    "url": "https://youtu.be/UiLSiqyDf4Y",
    "channel": "google"
  },
  {
    "url": "https://youtu.be/rznYifPHxDg",
    "channel": "google"
  },
  {
    "url": "https://youtu.be/blB_X38YSxQ",
    "channel": "google"
  },
  {
    "url": "https://youtu.be/Bu927_ul_X0",
    "channel": "google"
  },
  {
    "url": "https://youtu.be/smM-Wdk2RLQ",
    "channel": "nvidia"
  },
  {
    "url": "https://youtu.be/IlCx5gjAmqI",
    "channel": "razer"
  },
  {
    "url": "https://youtu.be/j8UJE7DoyJ8",
    "channel": "razer"
  }
]
