[
  {
    "title": "Bi",
    "artist": "Alicia Champion",
    "url": "https://www.youtube.com/watch?v=HekhW9STg58",
    "genre": [
      "pop"
    ]
  },
  {
    "title": "Queer Kidz",
    "artist": "Ashby and the Oceanns",
    "url": "https://www.youtube.com/watch?v=tSdCciMIlO8",
    "genre": [
      "folk"
    ]
  },
  {
    "title": "I Like Boys",
    "artist": "Todrick Hall",
    "url": "https://www.youtube.com/watch?v=RIbGksV3YBY",
    "genre": [
      "dance",
      "electronic"
    ]
  },
  {
    "title": "It Girl",
    "artist": "Mister Wallace",
    "url": "https://www.youtube.com/watch?v=NEnmporrBuo",
    "genre": [
      "dance",
      "electronic"
    ]
  },
  {
    "title": "Gay Sex",
    "artist": "Be Steadwell",
    "url": "https://www.youtube.com/watch?v=XnbQu_pzf8o",
    "genre": [
      "pop"
    ]
  },
  {
    "title": "Pynk",
    "artist": "Janelle Monae",
    "url": "https://www.youtube.com/watch?v=PaYvlVR_BEc",
    "genre": [
      "rnb",
      "rhythm and blues",
      "r&b",
      "soul"
    ]
  },
  {
    "title": "I don't do boys",
    "artist": "Elektra",
    "url": "https://www.youtube.com/watch?v=MxAvsYrHOmI",
    "genre": [
      "rock",
      "pop"
    ]
  },
  {
    "title": "Girls Like Girls",
    "artist": "Hayley Kiyoko",
    "url": "https://www.youtube.com/watch?v=I0MT8SwNa_U",
    "genre": [
      "pop",
      "electropop"
    ]
  },
  {
    "title": "Girls/Girls/Boys",
    "artist": "Panic! at the Disco",
    "url": "https://www.youtube.com/watch?v=Yk8jV7r6VMk",
    "genre": [
      "alt",
      "alternative",
      "indie",
      "new-wave",
      "electropop",
      "pop",
      "rock"
    ]
  },
  {
    "title": "I Will Survive",
    "artist": "Gloria Gaynor",
    "url": "https://www.youtube.com/watch?v=gYkACVDFmeg",
    "genre": [
      "jazz",
      "disco",
      "rnb",
      "r&b",
      "rhythm and blues",
      "soul",
      "dance",
      "electronic",
      "pop"
    ]
  },
  {
    "title": "Born This Way",
    "artist": "Lady Gaga",
    "url": "https://www.youtube.com/watch?v=wV1FrqwZyKw",
    "genre": [
      "pop",
      "electropop"
    ]
  },
  {
    "title": "Raise Your Glass",
    "artist": "P!nk",
    "url": "https://www.youtube.com/watch?v=XjVNlG5cZyQ",
    "genre": [
      "pop",
      "rock",
      "pop-rock"
    ]
  },
  {
    "title": "We R Who We R",
    "artist": "Ke$ha",
    "url": "https://www.youtube.com/watch?v=mXvmSaE0JXA",
    "genre": [
      "pop",
      "dance-pop"
    ]
  },
  {
    "title": "I'm Coming Out",
    "artist": "Diana Ross",
    "url": "https://www.youtube.com/watch?v=zbYcte4ZEgQ",
    "genre": [
      "disco",
      "funk",
      "soul"
    ]
  },
  {
    "title": "She Keeps Me Warm",
    "artist": "Mary Lambert",
    "url": "https://www.youtube.com/watch?v=NhqH-r7Xj0E",
    "genre": [
      "pop"
    ]
  },
  {
    "title": "June",
    "artist": "Florence + The Machine",
    "url": "https://www.youtube.com/watch?v=Sosmd6RjeA0",
    "genre": [
      "alt",
      "indie",
      "alternative"
    ]
  },
  {
    "title": "Do I Wanna Know",
    "artist": "MS MR",
    "url": "https://youtu.be/0DCDf1O4e1Q",
    "genre": [
      "indie",
      "indie-pop"
    ]
  },
  {
    "title": "Delilah",
    "artist": "Florence + The Machine",
    "url": "https://www.youtube.com/watch?v=zZr5Tid3Qw4",
    "genre": [
      "alt",
      "alternative",
      "indie"
    ]
  },
  {
    "title": "Queen",
    "artist": "Janelle Monae",
    "url": "https://www.youtube.com/watch?v=tEddixS-UoU",
    "genre": [
      "neo-soul"
    ]
  },
  {
    "title": "Aesthetic",
    "artist": "Hi, I'm Case",
    "url": "https://www.youtube.com/watch?v=cgq-XaSC1aY",
    "genre": [
      "pop",
      "pop-rock"
    ]
  },
  {
    "title": "Break Free",
    "artist": "Queen",
    "url": "https://www.youtube.com/watch?v=f4Mc-NYPHaQ",
    "genre": [
      "rock",
      "synth-pop"
    ]
  },
  {
    "title": "LGBT",
    "artist": "CupcakKe",
    "url": "https://www.youtube.com/watch?v=U_OArkw5yeQ",
    "genre": [
      "hip-hop",
      "rap"
    ]
  },
  {
    "title": "Rainbow Connections",
    "artist": "Garfunkel and Oates",
    "url": "https://www.youtube.com/watch?v=MneRtx7x2vs",
    "genre": [
      "folk"
    ]
  },
  {
    "title": "Proud",
    "artist": "Heather Small",
    "url": "https://www.youtube.com/watch?v=LEoxGJ79PMs",
    "genre": [
      "dance-pop",
      "r&b",
      "rhythm and blues",
      "rnb"
    ]
  },
  {
    "title": "LGBT",
    "artist": "Lowell",
    "url": "https://www.youtube.com/watch?v=QgE6nZmTGLw",
    "genre": [
      "alternative",
      "indie",
      "alt",
      "pop"
    ]
  },
  {
    "title": "Kiss the Boy",
    "artist": "Keiynan Lonsdale",
    "url": "https://www.youtube.com/watch?v=bXzLZ7QQnpQ",
    "genre": [
      "pop"
    ]
  },
  {
    "title": "Boys Aside",
    "artist": "Sofya Wang",
    "url": "https://www.youtube.com/watch?v=NlAW7l6dmeA",
    "genre": [
      "pop"
    ]
  },
  {
    "title": "Everyone is Gay",
    "artist": "A Great Big World",
    "url": "https://www.youtube.com/watch?v=0VG1bj4Lj1Q",
    "genre": [
      "pop"
    ]
  },
  {
    "title": "The Queer Gospel",
    "artist": "Erin McKeown",
    "url": "https://www.youtube.com/watch?v=2vvOEoT-q_o",
    "genre": [
      "christian",
      "gospel"
    ]
  },
  {
    "title": "Girls",
    "artist": "Girl in Red",
    "url": "https://www.youtube.com/watch?v=_BMBDY01kPk",
    "genre": [
      "alternative",
      "indie",
      "alt"
    ]
  },
  {
    "title": "Crazy World",
    "artist": "MNEK",
    "url": "https://www.youtube.com/watch?v=YBwzTgNL-zw",
    "genre": [
      "pop"
    ]
  },
  {
    "title": "Pride",
    "artist": "Grace Petrie",
    "url": "https://www.youtube.com/watch?v=y5rMrPJzFGs",
    "genre": [
      "alt",
      "alternative",
      "indie"
    ]
  },
  {
    "title": "Good Guys",
    "artist": "MIKA",
    "url": "https://www.youtube.com/watch?v=VZQ_9eebry0",
    "genre": [
      "pop"
    ]
  },
  {
    "title": "Gender is Boring",
    "artist": "She/Her/Hers",
    "url": "https://www.youtube.com/watch?v=glJW2vlBAQg",
    "genre": [
      "punk"
    ]
  },
  {
    "title": "GUY.exe",
    "artist": "Superfruit",
    "url": "https://www.youtube.com/watch?v=r2Kh_XMIDPU",
    "genre": [
      "pop"
    ]
  },
  {
    "title": "That's So Gay",
    "artist": "Pansy Division",
    "url": "https://www.youtube.com/watch?v=xlpcyeadaTk",
    "genre": [
      "rock"
    ]
  },
  {
    "title": "Strangers",
    "artist": "Halsey",
    "url": "https://www.youtube.com/watch?v=RVd_71ZdRd4",
    "genre": [
      "pop",
      "alt",
      "alternative",
      "indie",
      "electropop"
    ]
  },
  {
    "title": "LGBTQIA",
    "artist": "Matt Fishel",
    "url": "https://www.youtube.com/watch?v=KQq9f5hNOxE",
    "genre": [
      "rock"
    ]
  },
  {
    "title": "Tell Me a Story",
    "artist": "Skylar Kergil",
    "url": "https://www.youtube.com/watch?v=nbQDTE2s3dI",
    "genre": [
      "folk"
    ]
  },
  {
    "title": "Trans Is Love",
    "artist": "Marissa Kay",
    "url": "https://www.youtube.com/watch?v=-5f_1H0RD1I",
    "genre": [
      "alt",
      "alternative",
      "indie",
      "alt-country",
      "alt-folk",
      "indie-rock",
      "new-southern-rock"
    ]
  },
  {
    "title": "You Can't Tell Me",
    "artist": "Jake Edwards",
    "url": "https://www.youtube.com/watch?v=CwqDG5269Ak",
    "genre": [
      "pop"
    ]
  },
  {
    "title": "Closet Femme",
    "artist": "Kate Reid",
    "url": "https://www.youtube.com/watch?v=va-nqcNxP_k",
    "genre": [
      "folk"
    ]
  },
  {
    "title": "Let's Have a Kiki",
    "artist": "Scissor Sisters",
    "url": "https://www.youtube.com/watch?v=eGCD4xb-Tr8",
    "genre": [
      "electropop",
      "pop"
    ]
  },
  {
    "title": "Gimme Gimme Gimme",
    "artist": "ABBA",
    "url": "https://www.youtube.com/watch?v=JWay7CDEyAI",
    "genre": [
      "disco"
    ]
  },
  {
    "title": "Dancing Queen",
    "artist": "ABBA",
    "url": "https://www.youtube.com/watch?v=xFrGuyw1V8s",
    "genre": [
      "disco",
      "europop",
      "euero-disco"
    ]
  },
  {
    "title": "City Grrl",
    "artist": "CSS",
    "url": "https://www.youtube.com/watch?v=duOA3FgpZqY",
    "genre": [
      "electropop"
    ]
  },
  {
    "title": "Blame it on the Girls",
    "artist": "MIKA",
    "url": "https://www.youtube.com/watch?v=iF_w7oaBHNo",
    "genre": [
      "pop",
      "pop-rock"
    ]
  },
  {
    "title": "Bye Bye Bye",
    "artist": "*NSYNC",
    "url": "https://www.youtube.com/watch?v=Eo-KmOd3i7s",
    "genre": [
      "pop",
      "europop"
    ]
  },
  {
    "title": "Gettin Bi",
    "artist": "Crazy Ex-Girlfriend",
    "url": "https://www.youtube.com/watch?v=5e7844P77Is",
    "genre": [
      "pop"
    ]
  }
]
